{"state":0,"first":{"degree":0.30744864367684566,"distance":0.17546430643243494},"second":{"degree":15,"distance":7},"result":2.0238410429625717}